{
	"info": {
		"_postman_id": "7deba73d-5afa-43d7-99b1-34765891c273",
		"name": "Open Bootcamp",
		"schema": "https://schema.getpostman.com/json/collection/v2.1.0/collection.json",
		"_exporter_id": "27670396"
	},
	"item": [
		{
			"name": "Listar todos los usuarios",
			"event": [
				{
					"listen": "test",
					"script": {
						"exec": [
							"pm.test(\"Estado es 200\", function(){\r",
							"    pm.response.to.have.status(200);\r",
							"})\r",
							"\r",
							"pm.test(\"Primer elemento es 1\", function(){\r",
							"    reply = pm.response.json();\r",
							"    pm.expect(reply[0].nombre).to.eql(\"uno\")\r",
							"})\r",
							"\r",
							"pm.test(\"Respuesta en menos de 15ms\", () => {\r",
							"    pm.expect(pm.response.responseTime).to.be.below(15);\r",
							"})"
						],
						"type": "text/javascript"
					}
				}
			],
			"request": {
				"method": "GET",
				"header": [],
				"url": {
					"raw": "{{url}}/bootcampers",
					"host": [
						"{{url}}"
					],
					"path": [
						"bootcampers"
					]
				}
			},
			"response": []
		},
		{
			"name": "Publicar nuevo usuario",
			"request": {
				"method": "POST",
				"header": [],
				"body": {
					"mode": "raw",
					"raw": "{\r\n    \"nombre\": \"Prueba\",\r\n    \"valor\": 1.12345\r\n}",
					"options": {
						"raw": {
							"language": "json"
						}
					}
				},
				"url": {
					"raw": "{{url}}/bootcampers",
					"host": [
						"{{url}}"
					],
					"path": [
						"bootcampers"
					]
				}
			},
			"response": []
		},
		{
			"name": "Listar usuario 1",
			"request": {
				"method": "GET",
				"header": [],
				"url": {
					"raw": "{{url}}/bootcampers/uno",
					"host": [
						"{{url}}"
					],
					"path": [
						"bootcampers",
						"uno"
					]
				}
			},
			"response": []
		},
		{
			"name": "Listar usuario 2",
			"request": {
				"method": "GET",
				"header": [],
				"url": {
					"raw": "{{url}}/bootcampers/dos",
					"host": [
						"{{url}}"
					],
					"path": [
						"bootcampers",
						"dos"
					]
				}
			},
			"response": []
		}
	],
	"event": [
		{
			"listen": "prerequest",
			"script": {
				"type": "text/javascript",
				"exec": [
					""
				]
			}
		},
		{
			"listen": "test",
			"script": {
				"type": "text/javascript",
				"exec": [
					""
				]
			}
		}
	],
	"variable": [
		{
			"key": "url",
			"value": "http://localhost:9000",
			"type": "string"
		}
	]
}