{
	"info": {
		"_postman_id": "b113aa28-1713-4660-8f8f-140c972caf7a",
		"name": "Prueba Reqres",
		"schema": "https://schema.getpostman.com/json/collection/v2.1.0/collection.json",
		"_exporter_id": "27670396"
	},
	"item": [
		{
			"name": "Get user",
			"request": {
				"method": "GET",
				"header": [],
				"url": {
					"raw": "{{url}}/users/15",
					"host": [
						"{{url}}"
					],
					"path": [
						"users",
						"15"
					]
				}
			},
			"response": []
		},
		{
			"name": "Create user",
			"request": {
				"method": "POST",
				"header": [],
				"body": {
					"mode": "raw",
					"raw": "{\r\n    \"name\": \"Juan\",\r\n    \"job\": \"Chemical Engineer\"\r\n}"
				},
				"url": {
					"raw": "{{url}}/users",
					"host": [
						"{{url}}"
					],
					"path": [
						"users"
					]
				}
			},
			"response": []
		}
	],
	"event": [
		{
			"listen": "prerequest",
			"script": {
				"type": "text/javascript",
				"exec": [
					""
				]
			}
		},
		{
			"listen": "test",
			"script": {
				"type": "text/javascript",
				"exec": [
					""
				]
			}
		}
	],
	"variable": [
		{
			"key": "url",
			"value": "https://reqres.in/api",
			"type": "string"
		}
	]
}